﻿Object,Kitchen,Living_Room,Bedroom,Bathroom
Alarm_Clock,No,No,Yes,No
Apple,Yes,No,No ,No
Apple_Sliced,Yes,No,No ,No
ArmChair,No,Yes,Yes,No
Baseball_Bat,No,No,Yes,No
Basket_Ball,No,No,Yes,No
Bathtub,No,No,No ,Yes
Bathtub_Basin,No,No,No ,Yes
Bed,No,No,Yes,No
Blinds,Yes,No,Yes,No
Book,Yes,Yes,Yes,No
Boots,No,Yes,Yes,No
Bottle,Yes,No,No ,No
Bowl,Yes,Yes,Yes,No
Box,No,Yes,Yes,No
Bread,Yes,No,No ,No
Bread_Sliced,Yes,No,No ,No
Butter_Knife,Yes,No,No ,No
Cabinet,Yes,Yes,Yes,Yes
Candle,No,Yes,No ,Yes
Cart,No,No,No ,Yes
CD,No,No,Yes,No
Cellphone,Yes,Yes,Yes,No
Chair,Yes,Yes,Yes,No
Cloth,No,No,Yes,Yes
Coffee_Machine,Yes,No,No ,No
Coffee_Table,No,Yes,Yes,No
Counter_Top,Yes,Yes,Yes,Yes
Creditcard,Yes,Yes,Yes,No
Cup,Yes,No,No ,No
Curtains,No,Yes,Yes,No
Desk,No,No,Yes,No
Desk Lamp,No,Yes,Yes,No
Dish_Sponge,Yes,No,No ,Yes
Dining_Table,Yes,Yes,No ,No
Drawer,Yes,Yes,Yes,Yes
Dresser,No,Yes,Yes,Yes
Egg,Yes,No,No ,No
Faucet,Yes,No,No ,Yes
FloorLamp,No,Yes,Yes,No
Footstool,No,No,Yes,No
Fork,Yes,No,No ,No
Fridge,Yes,No,No ,No
GarbageCan,Yes,Yes,Yes,Yes
HandTowel,No,No,No ,Yes
HandTowel_Holder,No,No,No ,Yes
HousePlant,Yes,Yes,Yes,Yes
Kettler,Yes,No,No ,No
KeyChain,No,Yes,Yes,No
Knife,Yes,No,No ,No
Ladle,Yes,No,No ,No
Laptop,Yes,Yes,Yes,No
Laundry_Hamper,No,No,Yes,No
Laundry_Hamper_Lid,No,No,Yes,No
Lettuce,Yes,No,No ,No
Lettuce_Sliced,Yes,No,No ,No
LightSwitch,Yes,Yes,Yes,Yes
Microwave,Yes,No,No ,No
Mirror,Yes,Yes,Yes,Yes
Mug,Yes,No,Yes,No
Newspaper,No,Yes,No ,No
Ottoman,No,Yes,Yes,No
Painting,Yes,Yes,Yes,Yes
Pan,Yes,No,No ,No
PaperTowel,Yes,No,No ,No
Pen,Yes,Yes,Yes,No
Pencil,Yes,Yes,Yes,No
Pepper_Shaker,Yes,No,No ,No
Pillow,No,Yes,Yes,No
Plate,Yes,Yes,No ,No
Plunger,No,No,No ,Yes
Poster,No,No,Yes,No
Pot,Yes,No,No ,No
Potato,Yes,No,No ,No
Potato_Sliced,Yes,No,No ,No
Remote_Control,No,Yes,Yes,No
Safe,Yes,Yes,Yes,No
Salt_Shaker,Yes,No,No ,No
ScrubBrush,No,No,No ,Yes
Shelf,Yes,Yes,Yes,Yes
ShowerCurtain,No,No,No ,Yes
ShowerDoor,No,No,No ,Yes
ShowerGlass,No,No,No ,Yes
ShowerHead,No,No,No ,Yes
SideTbale,No,No,Yes,No
Sink,Yes,No,No ,Yes
SinkBasin,Yes,No,No ,Yes
SoapBar,Yes,Yes,Yes,No
SoapBottle,Yes,No,No ,Yes
Sofa,No,Yes,Yes,No
Spatula,Yes,No,No ,No
Spoon,Yes,No,No ,No
SprayBottle,No,No,No ,Yes
Statue,Yes,Yes,Yes,No
StoveBurner,Yes,No,No ,No
StoveKnob,Yes,No,No ,No
TeddyBera,No,No,Yes,No
Television,No,Yes,Yes,No
TennisRacket,No,No,Yes,No
TissueBox,No,Yes,Yes,Yes
Toaster,Yes,No,No ,No
Toiiet,No,No,Yes,No
ToiletPaper,No,No,No ,Yes
ToiletPaperHanger,No,No,No ,Yes
Tomato,Yes,No,No ,No
Tomato_Sliced,Yes,No,No ,No
Towel,No,No,No ,Yes
TowelHolder,No,No,No ,Yes
TVStand,No,Yes,No ,No
Vase,Yes,Yes,Yes,No
Watch,No,Yes,Yes,No
WateringCan,No,Yes,No ,No
Window,Yes,Yes,Yes,Yes
WineBottle,Yes,No,No ,No
